## 交叉连接 卡迪尔乘积

```
MariaDB [hellodb]> SELECT * FROM students, teachers LIMIT 10;
+-------+-------------+-----+--------+---------+-----------+-----+---------------+-----+--------+
| StuID | Name        | Age | Gender | ClassID | TeacherID | TID | Name          | Age | Gender |
+-------+-------------+-----+--------+---------+-----------+-----+---------------+-----+--------+
|     1 | Shi Zhongyu |  22 | M      |       2 |         3 |   1 | Song Jiang    |  45 | M      |
|     1 | Shi Zhongyu |  22 | M      |       2 |         3 |   2 | Zhang Sanfeng |  94 | M      |
|     1 | Shi Zhongyu |  22 | M      |       2 |         3 |   3 | Miejue Shitai |  77 | F      |
|     1 | Shi Zhongyu |  22 | M      |       2 |         3 |   4 | Lin Chaoying  |  93 | F      |
|     2 | Shi Potian  |  22 | M      |       1 |         7 |   1 | Song Jiang    |  45 | M      |
|     2 | Shi Potian  |  22 | M      |       1 |         7 |   2 | Zhang Sanfeng |  94 | M      |
|     2 | Shi Potian  |  22 | M      |       1 |         7 |   3 | Miejue Shitai |  77 | F      |
|     2 | Shi Potian  |  22 | M      |       1 |         7 |   4 | Lin Chaoying  |  93 | F      |
|     3 | Xie Yanke   |  53 | M      |       2 |        16 |   1 | Song Jiang    |  45 | M      |
|     3 | Xie Yanke   |  53 | M      |       2 |        16 |   2 | Zhang Sanfeng |  94 | M      |
+-------+-------------+-----+--------+---------+-----------+-----+---------------+-----+--------+
10 rows in set (0.00 sec)
```

## 等值连接：
students.TeacherID=teachers.TID  两张表中的字段进行等值匹配

```
MariaDB [hellodb]> SELECT * FROM students, teachers WHERE students.TeacherID=teachers.TID; 
+-------+-------------+-----+--------+---------+-----------+-----+---------------+-----+--------+
| StuID | Name        | Age | Gender | ClassID | TeacherID | TID | Name          | Age | Gender |
+-------+-------------+-----+--------+---------+-----------+-----+---------------+-----+--------+
|     5 | Yu Yutong   |  26 | M      |       3 |         1 |   1 | Song Jiang    |  45 | M      |
|     1 | Shi Zhongyu |  22 | M      |       2 |         3 |   3 | Miejue Shitai |  77 | F      |
|     4 | Ding Dian   |  32 | M      |       4 |         4 |   4 | Lin Chaoying  |  93 | F      |
+-------+-------------+-----+--------+---------+-----------+-----+---------------+-----+--------+
```


# 别名等值连接

```
MariaDB [hellodb]> SELECT s.Name,c.Class FROM students AS s, classes AS c WHERE s.ClassID=c.ClassID  LIMIT 10 ;
+--------------+----------------+
| Name         | Class          |
+--------------+----------------+
| Shi Zhongyu  | Emei Pai       |
| Shi Potian   | Shaolin Pai    |
| Xie Yanke    | Emei Pai       |
| Ding Dian    | Wudang Pai     |
| Yu Yutong    | QingCheng Pai  |
| Shi Qing     | Riyue Shenjiao |
| Xi Ren       | QingCheng Pai  |
| Lin Daiyu    | Ming Jiao      |
| Ren Yingying | Lianshan Pai   |
| Yue Lingshan | QingCheng Pai  |
+--------------+----------------+
10 rows in set (0.00 sec)
```
